"Country","Age","Salary","Purchased"
"Spain",-0.84444074320012,-0.857997778818226,"1"
"Germany",-0.259827920984652,-0.240239378069103,"0"
"France",1.10426866418477,1.09823715688733,"1"
