"Country","Age","Salary","Purchased"
"France",0.256120416285942,0.442057606918386,"0"
"Spain",-0.768361248857824,-0.524333312937896,"0"
"Germany",-0.426867360476569,-0.280295201863077,"1"
"France",-1.28060208142971,-0.7878944728987,"1"
"Spain",NA,-1.31501679282031,"0"
"France",0.939108193048452,1.05703364682693,"1"
"Germany",1.28060208142971,1.40844852677467,"0"
